{
  "utils/locate-reuse-libs-dbg.js": 1678202543029,
  "model/models.js": 1678202543029,
  "utils/locate-reuse-libs.js": 1678202543029,
  "utils/formatter.js": 1678340808541,
  "utils/constants.js": 1678202543029,
  "manifest.json": 1678374784871,
  "controller/editCust.controller.js": 1678202543025,
  "controller/createCust.controller.js": 1678347509555,
  "controller/controlView.controller.js": 1678374632099,
  "controller/App.controller.js": 1678202543025,
  "Component.js": 1678202543025,
  "Component-preload.js": 1678374786177,
  "model/models-dbg.js": 1678202543029,
  "utils/formatter-dbg.js": 1678340808541,
  "utils/constants-dbg.js": 1678202543029,
  "i18n/i18n.properties": 1678344934227,
  "controller/editCust-dbg.controller.js": 1678202543025,
  "controller/createCust-dbg.controller.js": 1678347509555,
  "controller/controlView-dbg.controller.js": 1678374632099,
  "controller/App-dbg.controller.js": 1678202543025,
  "Component-dbg.js": 1678202543025,
  "view/editCust.view.xml": 1678347448255,
  "view/createCust.view.xml": 1678347391020,
  "view/controlView.view.xml": 1678279753825,
  "view/App.view.xml": 1678202543029,
  "fragments/terminalPopover.fragment.xml": 1678346947770,
  "fragments/terminalListVH.fragment.xml": 1678202543029,
  "fragments/terminalF4.fragment.xml": 1678202543029,
  "fragments/tableTerPopout.fragment.xml": 1678346925762,
  "fragments/tableProdPopout.fragment.xml": 1678202543029,
  "fragments/tablePopout.fragment.xml": 1678346864198,
  "fragments/productPopover.fragment.xml": 1678346885126,
  "fragments/productListVH.fragment.xml": 1678202543029,
  "fragments/productF4.fragment.xml": 1678202543029,
  "fragments/emailPopover.fragment.xml": 1678346635855,
  "fragments/customerF4.fragment.xml": 1678346371120,
  "fragments/addTerminal.fragment.xml": 1678346104593,
  "fragments/addProduct.fragment.xml": 1678346526471,
  "fragments/addEmailCc.fragment.xml": 1678340431662,
  "fragments/addDataIncEmailCc.fragment.xml": 1678345512856,
  "fragments/CustomerListVH.fragment.xml": 1678202543025,
  "css/style.css": 1678202543025,
  "index.html": 1678202543029
}