{
  "utils/constants.js": 1680969473373,
  "controller/App.controller.js": 1680758900943,
  "utils/locate-reuse-libs.js": 1680757710076,
  "utils/formatter.js": 1680766176222,
  "i18n/i18n.properties": 1680771259359,
  "model/models.js": 1680757710060,
  "controller/controlView.controller.js": 1681105566191,
  "manifest.json": 1681105667956,
  "Component.js": 1680760817390,
  "Component-preload.js": 1681105668568,
  "utils/constants-dbg.js": 1680969473373,
  "utils/formatter-dbg.js": 1680766176222,
  "utils/locate-reuse-libs-dbg.js": 1680757710076,
  "model/models-dbg.js": 1680757710060,
  "controller/controlView-dbg.controller.js": 1681105566191,
  "controller/App-dbg.controller.js": 1680758900943,
  "Component-dbg.js": 1680760817390,
  "view/controlView.view.xml": 1681104395539,
  "view/App.view.xml": 1680758892607,
  "css/style.css": 1680757710044,
  "index.html": 1680758891095
}