{
  "fragments/addProduct.fragment.xml": 1673610933913,
  "utils/formatter.js": 1673616548506,
  "utils/locate-reuse-libs.js": 1673610933913,
  "manifest.json": 1673621229267,
  "utils/constants.js": 1673616665672,
  "model/models.js": 1673610933913,
  "controller/editCust.controller.js": 1673616665672,
  "controller/createCust.controller.js": 1673616665672,
  "controller/controlView.controller.js": 1673620703465,
  "controller/App.controller.js": 1673616665672,
  "Component.js": 1673616665668,
  "Component-preload.js": 1673621230116,
  "utils/constants-dbg.js": 1673616665672,
  "utils/formatter-dbg.js": 1673616548506,
  "utils/locate-reuse-libs-dbg.js": 1673610933913,
  "model/models-dbg.js": 1673610933913,
  "controller/editCust-dbg.controller.js": 1673616665672,
  "controller/createCust-dbg.controller.js": 1673616665672,
  "controller/controlView-dbg.controller.js": 1673620703465,
  "controller/App-dbg.controller.js": 1673616665672,
  "Component-dbg.js": 1673616665668,
  "view/editCust.view.xml": 1673616665672,
  "view/createCust.view.xml": 1673616665672,
  "view/controlView.view.xml": 1673616665672,
  "view/App.view.xml": 1673616665672,
  "fragments/terminalF4.fragment.xml": 1673610933913,
  "fragments/tableTerPopout.fragment.xml": 1673610933913,
  "fragments/tableProdPopout.fragment.xml": 1673610933913,
  "fragments/tablePopout.fragment.xml": 1673610933913,
  "fragments/productPopover.fragment.xml": 1673610933913,
  "fragments/productListVH.fragment.xml": 1673610933913,
  "fragments/productF4.fragment.xml": 1673610933913,
  "fragments/emailPopover.fragment.xml": 1673610933913,
  "fragments/customerF4.fragment.xml": 1673610933913,
  "fragments/addTerminal.fragment.xml": 1673610933913,
  "i18n/i18n.properties": 1673616665672,
  "fragments/addEmailCc.fragment.xml": 1673610933913,
  "fragments/CustomerListVH.fragment.xml": 1673610933913,
  "css/style.css": 1673610933913,
  "index.html": 1673616665672
}