{
  "fragments/productListVH.fragment.xml": 1673857234047,
  "utils/constants.js": 1674124937534,
  "utils/locate-reuse-libs.js": 1673857234051,
  "utils/formatter.js": 1674218206316,
  "manifest.json": 1674220250614,
  "model/models.js": 1673857234047,
  "controller/editCust.controller.js": 1674195696617,
  "controller/createCust.controller.js": 1674195704669,
  "controller/controlView.controller.js": 1674220153659,
  "controller/App.controller.js": 1673857234047,
  "Component.js": 1673857234047,
  "Component-preload.js": 1674220251515,
  "utils/locate-reuse-libs-dbg.js": 1673857234051,
  "utils/formatter-dbg.js": 1674218206316,
  "utils/constants-dbg.js": 1674124937534,
  "model/models-dbg.js": 1673857234047,
  "controller/editCust-dbg.controller.js": 1674195696617,
  "controller/createCust-dbg.controller.js": 1674195704669,
  "controller/controlView-dbg.controller.js": 1674220153659,
  "controller/App-dbg.controller.js": 1673857234047,
  "Component-dbg.js": 1673857234047,
  "view/editCust.view.xml": 1674216090685,
  "view/createCust.view.xml": 1674216098421,
  "view/controlView.view.xml": 1674218340544,
  "view/App.view.xml": 1673857234051,
  "fragments/terminalPopover.fragment.xml": 1674048246787,
  "fragments/terminalListVH.fragment.xml": 1674122947702,
  "fragments/terminalF4.fragment.xml": 1673857234047,
  "fragments/tableTerPopout.fragment.xml": 1673857234047,
  "fragments/tableProdPopout.fragment.xml": 1673857234047,
  "fragments/tablePopout.fragment.xml": 1674218402013,
  "fragments/productPopover.fragment.xml": 1673857234047,
  "i18n/i18n.properties": 1674216118709,
  "fragments/productF4.fragment.xml": 1673857234047,
  "fragments/emailPopover.fragment.xml": 1673857234047,
  "fragments/customerF4.fragment.xml": 1673857234047,
  "fragments/addTerminal.fragment.xml": 1673857234047,
  "fragments/addProduct.fragment.xml": 1673857234047,
  "fragments/addEmailCc.fragment.xml": 1673857234047,
  "fragments/CustomerListVH.fragment.xml": 1673857234047,
  "css/style.css": 1673857234047,
  "index.html": 1673857234047
}