{
  "view/controlView.view.xml": 1677477379380,
  "utils/formatter.js": 1676630274097,
  "utils/locate-reuse-libs.js": 1676630274097,
  "manifest.json": 1677484427687,
  "utils/constants.js": 1677476945887,
  "model/models.js": 1676630274093,
  "controller/editCust.controller.js": 1676630274093,
  "controller/createCust.controller.js": 1676630274093,
  "controller/controlView.controller.js": 1677483243340,
  "controller/App.controller.js": 1676630274093,
  "Component.js": 1676630274093,
  "Component-preload.js": 1677484429116,
  "Component-dbg.js": 1676630274093,
  "utils/formatter-dbg.js": 1676630274097,
  "utils/constants-dbg.js": 1677476945887,
  "model/models-dbg.js": 1676630274093,
  "controller/editCust-dbg.controller.js": 1676630274093,
  "controller/createCust-dbg.controller.js": 1676630274093,
  "controller/controlView-dbg.controller.js": 1677483243340,
  "controller/App-dbg.controller.js": 1676630274093,
  "utils/locate-reuse-libs-dbg.js": 1676630274097,
  "view/editCust.view.xml": 1676630274097,
  "view/createCust.view.xml": 1676630274097,
  "i18n/i18n.properties": 1677476945907,
  "view/App.view.xml": 1676630274097,
  "fragments/terminalPopover.fragment.xml": 1676630274093,
  "fragments/terminalListVH.fragment.xml": 1676630274093,
  "fragments/terminalF4.fragment.xml": 1676630274093,
  "fragments/tableTerPopout.fragment.xml": 1676630274093,
  "fragments/tableProdPopout.fragment.xml": 1677477586349,
  "fragments/tablePopout.fragment.xml": 1677476945887,
  "fragments/productPopover.fragment.xml": 1676630274093,
  "fragments/productListVH.fragment.xml": 1676630274093,
  "fragments/productF4.fragment.xml": 1676630274093,
  "fragments/emailPopover.fragment.xml": 1676630274093,
  "fragments/customerF4.fragment.xml": 1676630274093,
  "fragments/addTerminal.fragment.xml": 1677476568322,
  "fragments/addProduct.fragment.xml": 1677477289212,
  "fragments/addEmailCc.fragment.xml": 1676630274093,
  "fragments/addDataIncEmailCc.fragment.xml": 1676630274093,
  "fragments/CustomerListVH.fragment.xml": 1676630274093,
  "css/style.css": 1676630274093,
  "index.html": 1676630274093
}