<core:FragmentDefinition xmlns="sap.m" xmlns:f="sap.ui.layout.form" xmlns:mvc="sap.ui.core.mvc" xmlns:core="sap.ui.core">
    <Dialog id="addEmailCC" title="{i18n>editToEmail}" afterClose="onValueEmailAfterClose" contentWidth="100%">
        <content>
        <!-- <VBox>
            <Label text="{i18n>ccEmail}:" /> -->
            <MultiInput id="multiInputemailD" change="onEmailChangeCC" width="90%" showValueHelp="false" />
            <!-- </VBox> -->
        </content>
        <beginButton>
            <Button text="{i18n>save}" type="Emphasized" press="onCCEmailSaveD" />
        </beginButton>
        <endButton>
            <Button text="{i18n>cancel}" press="onCCEmailCloseD" />
        </endButton>
    </Dialog>
</core:FragmentDefinition>
