{
  "controller/App-dbg.controller.js": 1669990110005,
  "utils/constants.js": 1669990110009,
  "utils/locate-reuse-libs.js": 1669990110009,
  "utils/formatter.js": 1669990110009,
  "manifest.json": 1669996765042,
  "model/models.js": 1669990110009,
  "controller/editCust.controller.js": 1669990110005,
  "controller/createCust.controller.js": 1669990110005,
  "controller/controlView.controller.js": 1669996179821,
  "controller/App.controller.js": 1669990110005,
  "Component.js": 1669990110005,
  "Component-preload.js": 1669996765679,
  "controller/createCust-dbg.controller.js": 1669990110005,
  "utils/formatter-dbg.js": 1669990110009,
  "utils/constants-dbg.js": 1669990110009,
  "model/models-dbg.js": 1669990110009,
  "controller/editCust-dbg.controller.js": 1669990110005,
  "utils/locate-reuse-libs-dbg.js": 1669990110009,
  "controller/controlView-dbg.controller.js": 1669996179821,
  "i18n/i18n.properties": 1669996698704,
  "Component-dbg.js": 1669990110005,
  "view/editCust.view.xml": 1669990110009,
  "view/createCust.view.xml": 1669990110009,
  "view/controlView.view.xml": 1669990110009,
  "view/App.view.xml": 1669990110009,
  "fragments/terminalF4.fragment.xml": 1669990110009,
  "fragments/tableTerPopout.fragment.xml": 1669990110009,
  "fragments/tableProdPopout.fragment.xml": 1669990110009,
  "fragments/tablePopout.fragment.xml": 1669990110009,
  "fragments/productPopover.fragment.xml": 1669990110009,
  "fragments/productListVH.fragment.xml": 1669990110009,
  "fragments/productF4.fragment.xml": 1669990110009,
  "fragments/emailPopover.fragment.xml": 1669990110009,
  "fragments/customerF4.fragment.xml": 1669990110009,
  "fragments/addTerminal.fragment.xml": 1669990110009,
  "fragments/addProduct.fragment.xml": 1669990110009,
  "fragments/addEmailCc.fragment.xml": 1669990110009,
  "fragments/CustomerListVH.fragment.xml": 1669990110009,
  "css/style.css": 1669990110005,
  "index.html": 1669990110009
}