{
  "utils/constants.js": 1670949051811,
  "controller/editCust.controller.js": 1670949051811,
  "utils/locate-reuse-libs.js": 1670949051811,
  "utils/formatter.js": 1670949051811,
  "i18n/i18n.properties": 1670949051811,
  "model/models.js": 1670949051811,
  "manifest.json": 1671038680332,
  "controller/createCust.controller.js": 1670949051811,
  "controller/controlView.controller.js": 1671027273544,
  "controller/App.controller.js": 1670949051811,
  "Component.js": 1670949051811,
  "Component-preload.js": 1671038681067,
  "model/models-dbg.js": 1670949051811,
  "utils/formatter-dbg.js": 1670949051811,
  "utils/constants-dbg.js": 1670949051811,
  "utils/locate-reuse-libs-dbg.js": 1670949051811,
  "controller/editCust-dbg.controller.js": 1670949051811,
  "controller/createCust-dbg.controller.js": 1670949051811,
  "controller/controlView-dbg.controller.js": 1671027273544,
  "controller/App-dbg.controller.js": 1670949051811,
  "Component-dbg.js": 1670949051811,
  "view/editCust.view.xml": 1670949051811,
  "view/createCust.view.xml": 1670949051811,
  "view/controlView.view.xml": 1671000738345,
  "view/App.view.xml": 1670949051811,
  "fragments/terminalF4.fragment.xml": 1670949051811,
  "fragments/tableTerPopout.fragment.xml": 1670949051811,
  "fragments/tableProdPopout.fragment.xml": 1670949051811,
  "fragments/tablePopout.fragment.xml": 1671000787782,
  "fragments/productPopover.fragment.xml": 1670949051811,
  "fragments/productListVH.fragment.xml": 1670949051811,
  "fragments/productF4.fragment.xml": 1670949051811,
  "fragments/emailPopover.fragment.xml": 1670949051811,
  "fragments/customerF4.fragment.xml": 1670949051811,
  "fragments/addTerminal.fragment.xml": 1670949051811,
  "fragments/addProduct.fragment.xml": 1670949051811,
  "fragments/addEmailCc.fragment.xml": 1670949412790,
  "fragments/CustomerListVH.fragment.xml": 1670949051811,
  "css/style.css": 1670949051811,
  "index.html": 1670949051811
}