{
  "Component.js": 1670301917248,
  "controller/createCust.controller.js": 1670334025301,
  "utils/locate-reuse-libs.js": 1670301917252,
  "utils/formatter.js": 1670301917252,
  "utils/constants.js": 1670322144461,
  "model/models.js": 1670301917252,
  "controller/editCust.controller.js": 1670333834567,
  "manifest.json": 1670423748970,
  "controller/controlView.controller.js": 1670423614121,
  "controller/App.controller.js": 1670301917248,
  "i18n/i18n.properties": 1670326435993,
  "Component-preload.js": 1670423749762,
  "Component-dbg.js": 1670301917248,
  "utils/formatter-dbg.js": 1670301917252,
  "utils/constants-dbg.js": 1670322144461,
  "model/models-dbg.js": 1670301917252,
  "controller/editCust-dbg.controller.js": 1670333834567,
  "controller/createCust-dbg.controller.js": 1670334025301,
  "controller/controlView-dbg.controller.js": 1670423614121,
  "controller/App-dbg.controller.js": 1670301917248,
  "utils/locate-reuse-libs-dbg.js": 1670301917252,
  "view/editCust.view.xml": 1670309020129,
  "view/createCust.view.xml": 1670308919970,
  "view/controlView.view.xml": 1670397076893,
  "view/App.view.xml": 1670301917252,
  "css/style.css": 1670301917252,
  "fragments/terminalF4.fragment.xml": 1670313031277,
  "fragments/tableTerPopout.fragment.xml": 1670312972419,
  "fragments/tableProdPopout.fragment.xml": 1670312798526,
  "fragments/tablePopout.fragment.xml": 1670313430340,
  "fragments/productPopover.fragment.xml": 1670312089600,
  "fragments/productListVH.fragment.xml": 1670312041563,
  "fragments/productF4.fragment.xml": 1670311888830,
  "fragments/emailPopover.fragment.xml": 1670311852625,
  "fragments/customerF4.fragment.xml": 1670311967761,
  "fragments/addTerminal.fragment.xml": 1670310457872,
  "fragments/addProduct.fragment.xml": 1670310174595,
  "fragments/addEmailCc.fragment.xml": 1670309193130,
  "fragments/CustomerListVH.fragment.xml": 1670311805496,
  "index.html": 1670301917252
}