{
  "utils/constants.js": 1670826206520,
  "utils/locate-reuse-libs.js": 1670301917252,
  "manifest.json": 1670941761675,
  "utils/formatter.js": 1670301917252,
  "i18n/i18n.properties": 1670912880417,
  "model/models.js": 1670301917252,
  "controller/editCust.controller.js": 1670493022478,
  "controller/createCust.controller.js": 1670929876983,
  "controller/controlView.controller.js": 1670939038905,
  "controller/App.controller.js": 1670301917248,
  "Component.js": 1670301917248,
  "Component-preload.js": 1670941762411,
  "controller/editCust-dbg.controller.js": 1670493022478,
  "utils/formatter-dbg.js": 1670301917252,
  "utils/constants-dbg.js": 1670826206520,
  "model/models-dbg.js": 1670301917252,
  "utils/locate-reuse-libs-dbg.js": 1670301917252,
  "controller/createCust-dbg.controller.js": 1670929876983,
  "controller/controlView-dbg.controller.js": 1670939038905,
  "controller/App-dbg.controller.js": 1670301917248,
  "Component-dbg.js": 1670301917248,
  "view/editCust.view.xml": 1670309020129,
  "view/createCust.view.xml": 1670308919970,
  "view/controlView.view.xml": 1670928875020,
  "view/App.view.xml": 1670301917252,
  "fragments/terminalF4.fragment.xml": 1670313031277,
  "fragments/tableTerPopout.fragment.xml": 1670831070839,
  "fragments/tableProdPopout.fragment.xml": 1670841199026,
  "fragments/tablePopout.fragment.xml": 1670831136568,
  "fragments/productPopover.fragment.xml": 1670312089600,
  "fragments/productListVH.fragment.xml": 1670312041563,
  "fragments/productF4.fragment.xml": 1670311888830,
  "fragments/emailPopover.fragment.xml": 1670311852625,
  "fragments/customerF4.fragment.xml": 1670311967761,
  "fragments/addTerminal.fragment.xml": 1670310457872,
  "fragments/addProduct.fragment.xml": 1670310174595,
  "fragments/addEmailCc.fragment.xml": 1670935611059,
  "fragments/CustomerListVH.fragment.xml": 1670926265043,
  "css/style.css": 1670301917252,
  "index.html": 1670301917252
}