{
  "fragments/tableProdPopout.fragment.xml": 1668823495519,
  "controller/editCust.controller.js": 1669293486872,
  "utils/locate-reuse-libs.js": 1667460134000,
  "utils/formatter.js": 1669284464872,
  "utils/constants.js": 1668574716715,
  "model/models.js": 1667460134000,
  "manifest.json": 1669389351820,
  "controller/createCust.controller.js": 1669298136369,
  "controller/controlView.controller.js": 1669386688909,
  "controller/App.controller.js": 1667460134000,
  "Component.js": 1667460134000,
  "Component-preload.js": 1669389352520,
  "utils/formatter-dbg.js": 1669284464872,
  "utils/locate-reuse-libs-dbg.js": 1667460134000,
  "utils/constants-dbg.js": 1668574716715,
  "model/models-dbg.js": 1667460134000,
  "controller/editCust-dbg.controller.js": 1669293486872,
  "controller/createCust-dbg.controller.js": 1669298136369,
  "controller/controlView-dbg.controller.js": 1669386688909,
  "controller/App-dbg.controller.js": 1667460134000,
  "Component-dbg.js": 1667460134000,
  "view/editCust.view.xml": 1669370302147,
  "view/createCust.view.xml": 1669301669594,
  "view/controlView.view.xml": 1669295701700,
  "view/App.view.xml": 1667460134000,
  "fragments/terminalF4.fragment.xml": 1668782390698,
  "fragments/tableTerPopout.fragment.xml": 1668823510291,
  "i18n/i18n.properties": 1669295598114,
  "fragments/tablePopout.fragment.xml": 1669278590521,
  "fragments/productPopover.fragment.xml": 1668683153999,
  "fragments/productListVH.fragment.xml": 1668990650008,
  "fragments/productF4.fragment.xml": 1669276858795,
  "fragments/emailPopover.fragment.xml": 1668683577652,
  "fragments/customerF4.fragment.xml": 1668757254958,
  "fragments/addTerminal.fragment.xml": 1669011050127,
  "fragments/addProduct.fragment.xml": 1669011057087,
  "fragments/addEmailCc.fragment.xml": 1669280420572,
  "fragments/CustomerListVH.fragment.xml": 1668991867870,
  "css/style.css": 1667460134000,
  "index.html": 1668499985152
}