{
  "fragments/productListVH.fragment.xml": 1670221588040,
  "controller/controlView.controller.js": 1670242304256,
  "utils/locate-reuse-libs.js": 1670221588044,
  "utils/formatter.js": 1670221588044,
  "utils/constants.js": 1670221588044,
  "model/models.js": 1670221588040,
  "controller/editCust.controller.js": 1670221588040,
  "controller/createCust.controller.js": 1670221588040,
  "manifest.json": 1670252898425,
  "controller/App.controller.js": 1670221588040,
  "Component.js": 1670221588040,
  "Component-preload.js": 1670252899013,
  "controller/controlView-dbg.controller.js": 1670242304256,
  "utils/formatter-dbg.js": 1670221588044,
  "utils/constants-dbg.js": 1670221588044,
  "model/models-dbg.js": 1670221588040,
  "controller/editCust-dbg.controller.js": 1670221588040,
  "controller/createCust-dbg.controller.js": 1670221588040,
  "utils/locate-reuse-libs-dbg.js": 1670221588044,
  "controller/App-dbg.controller.js": 1670221588040,
  "Component-dbg.js": 1670221588040,
  "view/editCust.view.xml": 1670221588044,
  "view/createCust.view.xml": 1670221588044,
  "view/controlView.view.xml": 1670252784725,
  "view/App.view.xml": 1670221588044,
  "css/style.css": 1670221588040,
  "fragments/terminalF4.fragment.xml": 1670221588040,
  "fragments/tableTerPopout.fragment.xml": 1670221588040,
  "fragments/tableProdPopout.fragment.xml": 1670221588040,
  "fragments/tablePopout.fragment.xml": 1670221588040,
  "fragments/productPopover.fragment.xml": 1670221588040,
  "i18n/i18n.properties": 1670221588040,
  "fragments/productF4.fragment.xml": 1670221588040,
  "fragments/emailPopover.fragment.xml": 1670221588040,
  "fragments/customerF4.fragment.xml": 1670221588040,
  "fragments/addTerminal.fragment.xml": 1670221588040,
  "fragments/addProduct.fragment.xml": 1670221588040,
  "fragments/addEmailCc.fragment.xml": 1670221588040,
  "fragments/CustomerListVH.fragment.xml": 1670221588040,
  "index.html": 1670221588040
}