{
  "controller/createCust.controller.js": 1669190548421,
  "i18n/i18n.properties": 1669099298125,
  "utils/locate-reuse-libs.js": 1667460134000,
  "utils/formatter.js": 1668564406787,
  "utils/constants.js": 1668574716715,
  "model/models.js": 1667460134000,
  "controller/editCust.controller.js": 1669012815040,
  "manifest.json": 1669191579132,
  "controller/controlView.controller.js": 1669189882123,
  "controller/App.controller.js": 1667460134000,
  "Component.js": 1667460134000,
  "Component-preload.js": 1669191580335,
  "Component-dbg.js": 1667460134000,
  "utils/formatter-dbg.js": 1668564406787,
  "utils/constants-dbg.js": 1668574716715,
  "model/models-dbg.js": 1667460134000,
  "controller/editCust-dbg.controller.js": 1669012815040,
  "controller/createCust-dbg.controller.js": 1669190548421,
  "controller/controlView-dbg.controller.js": 1669189882123,
  "controller/App-dbg.controller.js": 1667460134000,
  "utils/locate-reuse-libs-dbg.js": 1667460134000,
  "view/editCust.view.xml": 1669011008374,
  "view/createCust.view.xml": 1669010860802,
  "view/controlView.view.xml": 1669109901839,
  "view/App.view.xml": 1667460134000,
  "fragments/terminalF4.fragment.xml": 1668782390698,
  "fragments/tableTerPopout.fragment.xml": 1668823510291,
  "fragments/tableProdPopout.fragment.xml": 1668823495519,
  "fragments/tablePopout.fragment.xml": 1669189694731,
  "fragments/productPopover.fragment.xml": 1668683153999,
  "fragments/productListVH.fragment.xml": 1668990650008,
  "fragments/productF4.fragment.xml": 1668989162715,
  "fragments/emailPopover.fragment.xml": 1668683577652,
  "fragments/customerF4.fragment.xml": 1668757254958,
  "fragments/addTerminal.fragment.xml": 1669011050127,
  "fragments/addProduct.fragment.xml": 1669011057087,
  "fragments/addEmailCc.fragment.xml": 1668488708000,
  "fragments/CustomerListVH.fragment.xml": 1668991867870,
  "css/style.css": 1667460134000,
  "index.html": 1668499985152
}