{
  "utils/constants-dbg.js": 1681472587330,
  "utils/constants.js": 1681472587330,
  "utils/locate-reuse-libs.js": 1681472587330,
  "utils/formatter.js": 1681472587330,
  "manifest.json": 1681475153049,
  "model/models.js": 1681472587330,
  "controller/controlView.controller.js": 1681473787261,
  "controller/App.controller.js": 1681472587330,
  "Component.js": 1681472587330,
  "Component-preload.js": 1681475153329,
  "i18n/i18n.properties": 1681472587330,
  "utils/formatter-dbg.js": 1681472587330,
  "utils/locate-reuse-libs-dbg.js": 1681472587330,
  "model/models-dbg.js": 1681472587330,
  "controller/controlView-dbg.controller.js": 1681473787261,
  "controller/App-dbg.controller.js": 1681472587330,
  "Component-dbg.js": 1681472587330,
  "view/controlView.view.xml": 1681472587330,
  "view/App.view.xml": 1681472587330,
  "css/style.css": 1681472587330,
  "index.html": 1681472587330
}