{
  "index.html": 1679306862038,
  "controller/controlView.controller.js": 1679401799248,
  "utils/locate-reuse-libs.js": 1679306862038,
  "utils/formatter.js": 1679306862038,
  "utils/constants.js": 1679306862038,
  "model/models.js": 1679306862038,
  "controller/editCust.controller.js": 1679312611308,
  "controller/createCust.controller.js": 1679306862038,
  "manifest.json": 1679402112687,
  "controller/App.controller.js": 1679306862038,
  "Component.js": 1679306862038,
  "Component-preload.js": 1679402113824,
  "controller/controlView-dbg.controller.js": 1679401799248,
  "utils/formatter-dbg.js": 1679306862038,
  "utils/constants-dbg.js": 1679306862038,
  "model/models-dbg.js": 1679306862038,
  "controller/editCust-dbg.controller.js": 1679312611308,
  "controller/createCust-dbg.controller.js": 1679306862038,
  "utils/locate-reuse-libs-dbg.js": 1679306862038,
  "controller/App-dbg.controller.js": 1679306862038,
  "Component-dbg.js": 1679306862038,
  "view/editCust.view.xml": 1679306862038,
  "view/createCust.view.xml": 1679306862038,
  "view/controlView.view.xml": 1679306862038,
  "view/App.view.xml": 1679306862038,
  "fragments/terminalPopover.fragment.xml": 1679306862038,
  "fragments/terminalListVH.fragment.xml": 1679306862038,
  "fragments/terminalF4.fragment.xml": 1679306862038,
  "fragments/tableTerPopout.fragment.xml": 1679306862038,
  "fragments/tableProdPopout.fragment.xml": 1679306862038,
  "fragments/tablePopout.fragment.xml": 1679306862038,
  "fragments/productPopover.fragment.xml": 1679306862038,
  "fragments/productListVH.fragment.xml": 1679306862038,
  "fragments/productF4.fragment.xml": 1679306862038,
  "fragments/emailPopover.fragment.xml": 1679306862038,
  "fragments/customerF4.fragment.xml": 1679306862038,
  "fragments/addTerminal.fragment.xml": 1679306862038,
  "fragments/addProduct.fragment.xml": 1679306862038,
  "fragments/addEmailCc.fragment.xml": 1679306862038,
  "fragments/addDataIncEmailCc.fragment.xml": 1679306862038,
  "fragments/CustomerListVH.fragment.xml": 1679306862038,
  "css/style.css": 1679306862038,
  "i18n/i18n.properties": 1679306862038
}