{
  "fragments/productListVH.fragment.xml": 1673857234047,
  "controller/editCust.controller.js": 1677850366664,
  "utils/locate-reuse-libs.js": 1673857234051,
  "utils/formatter.js": 1674469859657,
  "utils/constants.js": 1678178242909,
  "model/models.js": 1673857234047,
  "manifest.json": 1678191696863,
  "controller/createCust.controller.js": 1678178397601,
  "controller/controlView.controller.js": 1678191094035,
  "controller/App.controller.js": 1673857234047,
  "Component.js": 1673857234047,
  "Component-preload.js": 1678191697761,
  "utils/formatter-dbg.js": 1674469859657,
  "utils/locate-reuse-libs-dbg.js": 1673857234051,
  "utils/constants-dbg.js": 1678178242909,
  "model/models-dbg.js": 1673857234047,
  "controller/editCust-dbg.controller.js": 1677850366664,
  "controller/createCust-dbg.controller.js": 1678178397601,
  "controller/controlView-dbg.controller.js": 1678191094035,
  "controller/App-dbg.controller.js": 1673857234047,
  "Component-dbg.js": 1673857234047,
  "view/editCust.view.xml": 1674216090685,
  "view/createCust.view.xml": 1674216098421,
  "view/controlView.view.xml": 1677757136517,
  "view/App.view.xml": 1673857234051,
  "fragments/terminalPopover.fragment.xml": 1674048246787,
  "fragments/terminalListVH.fragment.xml": 1674122947702,
  "fragments/terminalF4.fragment.xml": 1673857234047,
  "fragments/tableTerPopout.fragment.xml": 1675079548872,
  "fragments/tableProdPopout.fragment.xml": 1677487639923,
  "fragments/tablePopout.fragment.xml": 1677050281145,
  "fragments/productPopover.fragment.xml": 1673857234047,
  "i18n/i18n.properties": 1678188784933,
  "fragments/productF4.fragment.xml": 1673857234047,
  "fragments/emailPopover.fragment.xml": 1673857234047,
  "fragments/customerF4.fragment.xml": 1675406121634,
  "fragments/addTerminal.fragment.xml": 1677487639923,
  "fragments/addProduct.fragment.xml": 1677487639923,
  "fragments/addEmailCc.fragment.xml": 1674454336718,
  "fragments/addDataIncEmailCc.fragment.xml": 1676536795368,
  "fragments/CustomerListVH.fragment.xml": 1673857234047,
  "css/style.css": 1673857234047,
  "index.html": 1673857234047
}