<core:FragmentDefinition xmlns="sap.m" xmlns:f="sap.ui.layout.form" xmlns:mvc="sap.ui.core.mvc" xmlns:core="sap.ui.core">
    <Dialog id="addEmailTo" title="{i18n>editToEmail}" afterClose="onValueEmailAfterClose" contentWidth="100%">
        <content>
            <MultiInput id="multiInputemailD" change="onEmailChangeCC" width="90%" showValueHelp="false" />
        </content>
        <beginButton>
            <Button text="{i18n>save}" type="Emphasized" press="onCCEmailSaveDataInc" />
        </beginButton>
        <endButton>
            <Button text="{i18n>cancel}" press="onCCEmailCloseDataInc" />
        </endButton>
    </Dialog>
</core:FragmentDefinition>
