<core:FragmentDefinition xmlns="sap.m" xmlns:l="sap.ui.layout" xmlns:tnt="sap.tnt" xmlns:core="sap.ui.core">
    <Dialog id="prodTable" title="{i18n>product}">
        <Table class="sapUiSizeCompact" id="idProdTablePopout" selectionChange="singlemode" 
        mode="SingleSelectMaster" width="auto" sticky="ColumnHeaders,HeaderToolbar" growing="true" growingScrollToLoad="true" growingThreshold="8" items="{oModel>/ProductData}">
            <headerToolbar>
                <Toolbar>
                    <SearchField width="50%" change="onSearchProductPop" />
                    <ToolbarSpacer />
                    <Button icon="sap-icon://edit" press="handleEditProductPopout" />
                    <Button icon="sap-icon://delete" press="onDeleteProductPopout" />
                </Toolbar>
            </headerToolbar>
            <columns>
                <Column mergeDuplicates="true" hAlign="Begin" width="15rem">
                    <header>
                        <Text text="{i18n>productID}" />
                    </header>
                </Column>
                <Column demandPopin="true" hAlign="Begin" width="15rem">
                    <header>
                        <Text text="{i18n>productName}" />
                    </header>
                </Column>
            </columns>
            <ColumnListItem>
                <Text text="{oModel>Product}" />
                <Text text="{oModel>ProductName}" />
            </ColumnListItem>
        </Table>
        <beginButton>
            <Button text="{i18n>btnAddNew}" type="Emphasized" press="handleProductSelectDialogPress" />
        </beginButton>
        <endButton>
            <Button text="{i18n>cancel}" press="onCloseProd" />
        </endButton>
    </Dialog>
</core:FragmentDefinition>
